<?xml version="1.0" encoding="UTF-8"?>
<beans xmlns="http://www.springframework.org/schema/beans"
	xmlns:xsi="http://www.w3.org/2001/XMLSchema-instance" xmlns:context="http://www.springframework.org/schema/context"
	xmlns:tx="http://www.springframework.org/schema/tx" xmlns:p="http://www.springframework.org/schema/p"
	xsi:schemaLocation="http://www.springframework.org/schema/beans
    http://www.springframework.org/schema/beans/spring-beans-3.0.xsd
    http://www.springframework.org/schema/context
    http://www.springframework.org/schema/context/spring-context-3.0.xsd 
    http://www.springframework.org/schema/tx 
    http://www.springframework.org/schema/tx/spring-tx.xsd">

	<tx:annotation-driven />
	<context:component-scan base-package="main.dependencies"/>
	<context:component-scan base-package="main.dao"/>
	<context:component-scan base-package="main.daoimpl"/>
	<context:component-scan base-package="main.interfaces"/>
	<context:component-scan base-package="main.managers"/>
	<context:component-scan base-package="main.managersimpl"/>

	<bean id="dataSource" class="org.apache.commons.dbcp.BasicDataSource"
		destroy-method="close">
		<property name="driverClassName" value="com.mysql.cj.jdbc.Driver" />
		<property name="url" value="jdbc:mysql://localhost:3306/universidad" />
		<property name="username" value="root" />
		<property name="password" value="Asdfghjk1@" />
		
	</bean>

	<bean class="org.springframework.orm.jpa.LocalContainerEntityManagerFactoryBean" id="emf">
	  <property name="dataSource" ref="dataSource" />
	  <property name="jpaVendorAdapter" ref="jpaVendorAdapter"/>
	  <property name="persistenceUnitName" value="jpaVendorAdapter"/>
	  <property name="jpaProperties">
	    <props>
	      <prop key="hibernate.show_sql">true</prop>
	      <prop key="hibernate.hbm2ddl.auto">none</prop>
	    </props>
	  </property>
	</bean>

	<bean id="jpaVendorAdapter" class="org.springframework.orm.jpa.vendor.HibernateJpaVendorAdapter">
	  <property name="showSql" value="true"/>
	  <property name="generateDdl" value="true"/>
	  <property name="databasePlatform" value="org.hibernate.dialect.MySQL5Dialect"/>
	</bean>

	<bean id="transactionManager" class="org.springframework.orm.jpa.JpaTransactionManager">
		<property name="entityManagerFactory" ref="emf" />
	</bean>

</beans>